Workbook

Sheet Ringkasan
A1: Ringkasan Rencana Kerja
A2: Semua angka di sheet ini dihitung otomatis dari sheet ToDo. Jangan diketik manual.
A4: Total tugas | B4: =COUNTA(ToDo!A5:A74)
A5: Selesai | B5: =COUNTIF(ToDo!I5:I74,"Selesai")
A6: Sedang jalan | B6: =COUNTIF(ToDo!I5:I74,"Sedang jalan")
A7: Belum | B7: =COUNTIF(ToDo!I5:I74,"Belum")
A8: Progres | B8: =IFERROR(B5/B4,0)
A9: Total estimasi (jam) | B9: =SUM(ToDo!E5:E74)
A10: Jam tersisa | B10: =SUMIF(ToDo!I5:I74,"Belum",ToDo!E5:E74)
A11: Perkiraan hari kerja tersisa | B11: =IFERROR(B10/B12,0)
A12: Jam kerja per hari (isi sendiri) | B12: 4 | C12: <- ubah angka ini; sel kuning = input
A13: TARGET 3 HARI (Fase 1-5) | B13: =SUMIFS(ToDo!$E$5:$E$74,ToDo!$F$5:$F$74,"D1")+SUMIFS(ToDo!$E$5:$E$74,ToDo!$F$5:$F$74,"D2")+SUMIFS(ToDo!$E$5:$E$74,ToDo!$F$5:$F$74,"D3") | C13: jam - rata-rata dibagi 3 hari
A14: Sisanya (Fase 6-7, Lanjutan) | B14: =SUMIFS(ToDo!$E$5:$E$74,ToDo!$F$5:$F$74,"Lanjutan") | C14: jam - finalisasi & duplikasi, di luar target 3 hari
A16: Rincian per Fase
A17: Fase | B17: Tugas | C17: Selesai | D17: Progres | E17: Jam | F17: Jam Tersisa | G17: Gate
A18: Fase 0 - Verifikasi Meja | B18: =COUNTIF(ToDo!$B$5:$B$74,$A18) | C18: =COUNTIFS(ToDo!$B$5:$B$74,$A18,ToDo!$I$5:$I$74,"Selesai") | D18: =IFERROR(C18/B18,0) | E18: =SUMIF(ToDo!$B$5:$B$74,$A18,ToDo!$E$5:$E$74) | F18: =SUMIFS(ToDo!$E$5:$E$74,ToDo!$B$5:$B$74,$A18,ToDo!$I$5:$I$74,"Belum") | G18: =COUNTIFS(ToDo!$B$5:$B$74,$A18,ToDo!$H$5:$H$74,"Ya")
A19: Fase 1 - Wiring & Daya | B19: =COUNTIF(ToDo!$B$5:$B$74,$A19) | C19: =COUNTIFS(ToDo!$B$5:$B$74,$A19,ToDo!$I$5:$I$74,"Selesai") | D19: =IFERROR(C19/B19,0) | E19: =SUMIF(ToDo!$B$5:$B$74,$A19,ToDo!$E$5:$E$74) | F19: =SUMIFS(ToDo!$E$5:$E$74,ToDo!$B$5:$B$74,$A19,ToDo!$I$5:$I$74,"Belum") | G19: =COUNTIFS(ToDo!$B$5:$B$74,$A19,ToDo!$H$5:$H$74,"Ya")
A20: Fase 2 - Flash & Bench | B20: =COUNTIF(ToDo!$B$5:$B$74,$A20) | C20: =COUNTIFS(ToDo!$B$5:$B$74,$A20,ToDo!$I$5:$I$74,"Selesai") | D20: =IFERROR(C20/B20,0) | E20: =SUMIF(ToDo!$B$5:$B$74,$A20,ToDo!$E$5:$E$74) | F20: =SUMIFS(ToDo!$E$5:$E$74,ToDo!$B$5:$B$74,$A20,ToDo!$I$5:$I$74,"Belum") | G20: =COUNTIFS(ToDo!$B$5:$B$74,$A20,ToDo!$H$5:$H$74,"Ya")
A21: Fase 3 - Failsafe & Integrasi | B21: =COUNTIF(ToDo!$B$5:$B$74,$A21) | C21: =COUNTIFS(ToDo!$B$5:$B$74,$A21,ToDo!$I$5:$I$74,"Selesai") | D21: =IFERROR(C21/B21,0) | E21: =SUMIF(ToDo!$B$5:$B$74,$A21,ToDo!$E$5:$E$74) | F21: =SUMIFS(ToDo!$E$5:$E$74,ToDo!$B$5:$B$74,$A21,ToDo!$I$5:$I$74,"Belum") | G21: =COUNTIFS(ToDo!$B$5:$B$74,$A21,ToDo!$H$5:$H$74,"Ya")
A22: Fase 4 - Uji Lantai & Tuning | B22: =COUNTIF(ToDo!$B$5:$B$74,$A22) | C22: =COUNTIFS(ToDo!$B$5:$B$74,$A22,ToDo!$I$5:$I$74,"Selesai") | D22: =IFERROR(C22/B22,0) | E22: =SUMIF(ToDo!$B$5:$B$74,$A22,ToDo!$E$5:$E$74) | F22: =SUMIFS(ToDo!$E$5:$E$74,ToDo!$B$5:$B$74,$A22,ToDo!$I$5:$I$74,"Belum") | G22: =COUNTIFS(ToDo!$B$5:$B$74,$A22,ToDo!$H$5:$H$74,"Ya")
A23: Fase 5 - Pindah ke LattePanda | B23: =COUNTIF(ToDo!$B$5:$B$74,$A23) | C23: =COUNTIFS(ToDo!$B$5:$B$74,$A23,ToDo!$I$5:$I$74,"Selesai") | D23: =IFERROR(C23/B23,0) | E23: =SUMIF(ToDo!$B$5:$B$74,$A23,ToDo!$E$5:$E$74) | F23: =SUMIFS(ToDo!$E$5:$E$74,ToDo!$B$5:$B$74,$A23,ToDo!$I$5:$I$74,"Belum") | G23: =COUNTIFS(ToDo!$B$5:$B$74,$A23,ToDo!$H$5:$H$74,"Ya")
A24: Fase 6 - Finalisasi | B24: =COUNTIF(ToDo!$B$5:$B$74,$A24) | C24: =COUNTIFS(ToDo!$B$5:$B$74,$A24,ToDo!$I$5:$I$74,"Selesai") | D24: =IFERROR(C24/B24,0) | E24: =SUMIF(ToDo!$B$5:$B$74,$A24,ToDo!$E$5:$E$74) | F24: =SUMIFS(ToDo!$E$5:$E$74,ToDo!$B$5:$B$74,$A24,ToDo!$I$5:$I$74,"Belum") | G24: =COUNTIFS(ToDo!$B$5:$B$74,$A24,ToDo!$H$5:$H$74,"Ya")
A25: Fase 7 - Duplikasi & Produksi | B25: =COUNTIF(ToDo!$B$5:$B$74,$A25) | C25: =COUNTIFS(ToDo!$B$5:$B$74,$A25,ToDo!$I$5:$I$74,"Selesai") | D25: =IFERROR(C25/B25,0) | E25: =SUMIF(ToDo!$B$5:$B$74,$A25,ToDo!$E$5:$E$74) | F25: =SUMIFS(ToDo!$E$5:$E$74,ToDo!$B$5:$B$74,$A25,ToDo!$I$5:$I$74,"Belum") | G25: =COUNTIFS(ToDo!$B$5:$B$74,$A25,ToDo!$H$5:$H$74,"Ya")
A26: TOTAL | B26: =SUM(B18:B25) | C26: =SUM(C18:C25) | D26: =IFERROR(C26/B26,0) | E26: =SUM(E18:E25) | F26: =SUM(F18:F25) | G26: =SUM(G18:G25)

Sheet ToDo
A1: RC Car FPV - Daftar Tugas & Timeline
A2: Kolom Status boleh diubah (Belum / Sedang jalan / Selesai) - seluruh angka di sheet Ringkasan dan Timeline ikut menyesuaikan otomatis. Baris kuning = GATE: jangan lanjut ke fase berikutnya sebelum lolos.
A4: ID | B4: Fase | C4: Tugas | D4: Kriteria Sukses / Catatan | E4: Jam | F4: Hari | G4: Prioritas | H4: Gate | I4: Status | J4: Referensi
A5: 0.1 | B5: Fase 0 - Verifikasi Meja | C5: Ground station Python + simulator | D5: 95 uji otomatis lulus (protokol, kurva, config, MJPEG) | E5: 0 | F5: D0 | G5: Kritis | H5: Tidak | I5: Selesai | J5: README.md
A6: 0.2 | B6: Fase 0 - Verifikasi Meja | C6: Protokol v2 + byte rem | D6: protocol.h / protocol.py / protocol.md kembar, paket 12 byte | E6: 0 | F6: D0 | G6: Kritis | H6: Tidak | I6: Selesai | J6: docs/protocol.md
A7: 0.3 | B7: Fase 0 - Verifikasi Meja | C7: Kalibrasi stir PXN V9 (V9GEN2) | D7: calibration.yaml: h_pattern, gigi 1-6 di btn 16-21, R di btn 22 | E7: 0 | F7: D0 | G7: Kritis | H7: Tidak | I7: Selesai | J7: ground/calibration.yaml
A8: 0.4 | B8: Fase 0 - Verifikasi Meja | C8: Port kamera ke XIAO ESP32S3 Sense | D8: 16/16 pin cocok definisi resmi core; kompilasi 28% flash | E8: 0 | F8: D0 | G8: Kritis | H8: Tidak | I8: Selesai | J8: firmware/rc_cam_esp32
A9: 0.5 | B9: Fase 0 - Verifikasi Meja | C9: Isi kredensial WiFi kedua firmware | D9: SSID RCCar terisi di config.h dan rc_cam_esp32.ino | E9: 0 | F9: D0 | G9: Kritis | H9: Tidak | I9: Selesai | J9: firmware/
A10: 1.1 | B10: Fase 1 - Wiring & Daya | C10: Setel step-down #1 ke 12,0 V TANPA beban | D10: Multimeter baca 12,0 +/- 0,1 V sebelum disambung ke apa pun | E10: 0.5 | F10: D1 | G10: Kritis | H10: Tidak | I10: Belum | J10: wiring 2
A11: 1.2 | B11: Fase 1 - Wiring & Daya | C11: Setel step-down #2 ke 5,0 V TANPA beban | D11: Multimeter baca 5,0 +/- 0,05 V sebelum disambung ke apa pun | E11: 0.5 | F11: D1 | G11: Kritis | H11: Tidak | I11: Belum | J11: wiring 2
A12: 1.3 | B12: Fase 1 - Wiring & Daya | C12: Lepas jumper ENA di L298N | D12: Jumper fisik terlepas. Kalau tidak, PWM tidak berefek sama sekali | E12: 0.2 | F12: D1 | G12: Kritis | H12: Tidak | I12: Belum | J12: wiring 4
A13: 1.4 | B13: Fase 1 - Wiring & Daya | C13: Lepas jumper 5V di L298N | D13: Regulator on-board mati; 5V hanya dari step-down #2 | E13: 0.2 | F13: D1 | G13: Kritis | H13: Tidak | I13: Belum | J13: wiring 4
A14: 1.5 | B14: Fase 1 - Wiring & Daya | C14: Pindah sinyal servo GPIO 34 -> GPIO 13 | D14: GPIO 34 input-only, tidak bisa mengeluarkan pulsa servo | E14: 0.2 | F14: D1 | G14: Kritis | H14: Tidak | I14: Belum | J14: wiring 3
A15: 1.6 | B15: Fase 1 - Wiring & Daya | C15: Pasang pulldown 10k di ENA, IN1, IN2 | D15: 3 resistor ke GND; menjamin motor mati saat ESP32 boot | E15: 0.5 | F15: D1 | G15: Tinggi | H15: Tidak | I15: Belum | J15: wiring 4
A16: 1.7 | B16: Fase 1 - Wiring & Daya | C16: Rakit pembagi tegangan 100k/22k ke GPIO 34 | D16: Ukur ~3,03 V saat 4S penuh (16,8 V). Tambah 100nF ke GND | E16: 0.5 | F16: D1 | G16: Sedang | H16: Tidak | I16: Belum | J16: wiring 6
... A74: 7.11 | B74: Fase 7 - Duplikasi & Produksi | C74: Buat template config per unit | D74: unit-1.yaml, unit-2.yaml siap pakai | E74: 1 | F74: Lanjutan | G74: Rendah | H74: Tidak | I74: Belum | J74: -
D75: TOTAL JAM | E75: =SUM(E5:E74)

Sheet Timeline
A1: Timeline - estimasi jam per fase per hari
A2: Angka = total jam tugas fase itu yang dijadwalkan di hari tersebut. Hari bersifat relatif, bukan tanggal. D0 = pekerjaan yang sudah selesai. TARGET 3 HARI mencakup Fase 1-5, yaitu jalur menuju mobil yang berfungsi dan teruji (21,4 jam, sekitar 7 jam per hari). Fase 6 (finalisasi) dan Fase 7 (duplikasi) berjumlah 35 jam dan sengaja TIDAK dipaksa masuk ke 3 hari itu - memadatkan semuanya berarti sekitar 19 jam per hari. Keduanya ditandai 'Lanjutan' karena memang pekerjaan setelah unit pertama terbukti jalan.
A4: Fase | B4: D0 | C4: D1 | D4: D2 | E4: D3 | F4: Lanjutan | G4: Total
A5: Fase 0 - Verifikasi Meja | B5: =SUMIFS(ToDo!$E$5:$E$74,ToDo!$B$5:$B$74,$A5,ToDo!$F$5:$F$74,B$4) | C5: =SUMIFS(ToDo!$E$5:$E$74,ToDo!$B$5:$B$74,$A5,ToDo!$F$5:$F$74,C$4) | D5: =SUMIFS(ToDo!$E$5:$E$74,ToDo!$B$5:$B$74,$A5,ToDo!$F$5:$F$74,D$4) | E5: =SUMIFS(ToDo!$E$5:$E$74,ToDo!$B$5:$B$74,$A5,ToDo!$F$5:$F$74,E$4) | F5: =SUMIFS(ToDo!$E$5:$E$74,ToDo!$B$5:$B$74,$A5,ToDo!$F$5:$F$74,F$4) | G5: =SUM(B5:F5)
A6: Fase 1 - Wiring & Daya | B6: =SUMIFS(ToDo!$E$5:$E$74,ToDo!$B$5:$B$74,$A6,ToDo!$F$5:$F$74,B$4) | C6: =SUMIFS(ToDo!$E$5:$E$74,ToDo!$B$5:$B$74,$A6,ToDo!$F$5:$F$74,C$4) | D6: =SUMIFS(ToDo!$E$5:$E$74,ToDo!$B$5:$B$74,$A6,ToDo!$F$5:$F$74,D$4) | E6: =SUMIFS(ToDo!$E$5:$E$74,ToDo!$B$5:$B$74,$A6,ToDo!$F$5:$F$74,E$4) | F6: =SUMIFS(ToDo!$E$5:$E$74,ToDo!$B$5:$B$74,$A6,ToDo!$F$5:$F$74,F$4) | G6: =SUM(B6:F6)
A7: Fase 2 - Flash & Bench | B7: =SUMIFS(ToDo!$E$5:$E$74,ToDo!$B$5:$B$74,$A7,ToDo!$F$5:$F$74,B$4) | C7: =SUMIFS(ToDo!$E$5:$E$74,ToDo!$B$5:$B$74,$A7,ToDo!$F$5:$F$74,C$4) | D7: =SUMIFS(ToDo!$E$5:$E$74,ToDo!$B$5:$B$74,$A7,ToDo!$F$5:$F$74,D$4) | E7: =SUMIFS(ToDo!$E$5:$E$74,ToDo!$B$5:$B$74,$A7,ToDo!$F$5:$F$74,E$4) | F7: =SUMIFS(ToDo!$E$5:$E$74,ToDo!$B$5:$B$74,$A7,ToDo!$F$5:$F$74,F$4) | G7: =SUM(B7:F7)
A8: Fase 3 - Failsafe & Integrasi | B8: =SUMIFS(ToDo!$E$5:$E$74,ToDo!$B$5:$B$74,$A8,ToDo!$F$5:$F$74,B$4) | C8: =SUMIFS(ToDo!$E$5:$E$74,ToDo!$B$5:$B$74,$A8,ToDo!$F$5:$F$74,C$4) | D8: =SUMIFS(ToDo!$E$5:$E$74,ToDo!$B$5:$B$74,$A8,ToDo!$F$5:$F$74,D$4) | E8: =SUMIFS(ToDo!$E$5:$E$74,ToDo!$B$5:$B$74,$A8,ToDo!$F$5:$F$74,E$4) | F8: =SUMIFS(ToDo!$E$5:$E$74,ToDo!$B$5:$B$74,$A8,ToDo!$F$5:$F$74,F$4) | G8: =SUM(B8:F8)
A9: Fase 4 - Uji Lantai & Tuning | B9: =SUMIFS(ToDo!$E$5:$E$74,ToDo!$B$5:$B$74,$A9,ToDo!$F$5:$F$74,B$4) | C9: =SUMIFS(ToDo!$E$5:$E$74,ToDo!$B$5:$B$74,$A9,ToDo!$F$5:$F$74,C$4) | D9: =SUMIFS(ToDo!$E$5:$E$74,ToDo!$B$5:$B$74,$A9,ToDo!$F$5:$F$74,D$4) | E9: =SUMIFS(ToDo!$E$5:$E$74,ToDo!$B$5:$B$74,$A9,ToDo!$F$5:$F$74,E$4) | F9: =SUMIFS(ToDo!$E$5:$E$74,ToDo!$B$5:$B$74,$A9,ToDo!$F$5:$F$74,F$4) | G9: =SUM(B9:F9)
A10: Fase 5 - Pindah ke LattePanda | B10: =SUMIFS(ToDo!$E$5:$E$74,ToDo!$B$5:$B$74,$A10,ToDo!$F$5:$F$74,B$4) | C10: =SUMIFS(ToDo!$E$5:$E$74,ToDo!$B$5:$B$74,$A10,ToDo!$F$5:$F$74,C$4) | D10: =SUMIFS(ToDo!$E$5:$E$74,ToDo!$B$5:$B$74,$A10,ToDo!$F$5:$F$74,D$4) | E10: =SUMIFS(ToDo!$E$5:$E$74,ToDo!$B$5:$B$74,$A10,ToDo!$F$5:$F$74,E$4) | F10: =SUMIFS(ToDo!$E$5:$E$74,ToDo!$B$5:$B$74,$A10,ToDo!$F$5:$F$74,F$4) | G10: =SUM(B10:F10)
A11: Fase 6 - Finalisasi | B11: =SUMIFS(ToDo!$E$5:$E$74,ToDo!$B$5:$B$74,$A11,ToDo!$F$5:$F$74,B$4) | C11: =SUMIFS(ToDo!$E$5:$E$74,ToDo!$B$5:$B$74,$A11,ToDo!$F$5:$F$74,C$4) | D11: =SUMIFS(ToDo!$E$5:$E$74,ToDo!$B$5:$B$74,$A11,ToDo!$F$5:$F$74,D$4) | E11: =SUMIFS(ToDo!$E$5:$E$74,ToDo!$B$5:$B$74,$A11,ToDo!$F$5:$F$74,E$4) | F11: =SUMIFS(ToDo!$E$5:$E$74,ToDo!$B$5:$B$74,$A11,ToDo!$F$5:$F$74,F$4) | G11: =SUM(B11:F11)
A12: Fase 7 - Duplikasi & Produksi | B12: =SUMIFS(ToDo!$E$5:$E$74,ToDo!$B$5:$B$74,$A12,ToDo!$F$5:$F$74,B$4) | C12: =SUMIFS(ToDo!$E$5:$E$74,ToDo!$B$5:$B$74,$A12,ToDo!$F$5:$F$74,C$4) | D12: =SUMIFS(ToDo!$E$5:$E$74,ToDo!$B$5:$B$74,$A12,ToDo!$F$5:$F$74,D$4) | E12: =SUMIFS(ToDo!$E$5:$E$74,ToDo!$B$5:$B$74,$A12,ToDo!$F$5:$F$74,E$4) | F12: =SUMIFS(ToDo!$E$5:$E$74,ToDo!$B$5:$B$74,$A12,ToDo!$F$5:$F$74,F$4) | G12: =SUM(B12:F12)
A13: TOTAL / HARI | B13: =SUM(B5:B12) | C13: =SUM(C5:C12) | D13: =SUM(D5:D12) | E13: =SUM(E5:E12) | F13: =SUM(F5:F12) | G13: =SUM(G5:G12)

Sheet Komponen
A1: Komponen - checklist & BOM
A2: Kolom Harga Satuan berwarna kuning: isi sendiri sesuai harga di tempat Anda. Subtotal dan Total dihitung otomatis. Angka harga sengaja dikosongkan - saya tidak punya sumber harga yang bisa dipertanggungjawabkan.
A4: Komponen | B4: Spesifikasi | C4: Jumlah | D4: Status | E4: Harga Satuan (Rp) | F4: Subtotal (Rp) | G4: Catatan
A5: LattePanda | B5: Ground station | C5: 1 | D5: Sudah punya | F5: =IFERROR(C5*E5,0) | G5: Tempat stir PXN dicolok
A6: Stir PXN V9 (V9GEN2) + pedal | B6: H-pattern shifter 6 gigi + R | C6: 1 | D6: Sudah punya | F6: =IFERROR(C6*E6,0) | G6: Sudah dikalibrasi
A7: ESP32 Dev Module | B7: 38 pin | C7: 1 | D7: Sudah punya | F7: =IFERROR(C7*E7,0) | G7: Otak mobil
A8: Seeed XIAO ESP32S3 Sense | B8: dengan papan kamera + antena u.FL | C8: 1 | D8: Sudah punya | F8: =IFERROR(C8*E8,0) | G8: Kamera FPV
A9: L298N | B9: modul driver motor | C9: 1 | D9: Sudah punya | F9: =IFERROR(C9*E9,0) | G9: Lepas jumper ENA dan 5V
A10: Servo digital 25g | B10: stall ~1-1,5 A | C10: 1 | D10: Sudah punya | F10: =IFERROR(C10*E10,0) | G10: Kemudi, sinyal ke GPIO 13
A11: Motor DC belakang | B11: 12 V | C11: 1 | D11: Sudah punya | F11: =IFERROR(C11*E11,0) | G11: Lewat OUT1/OUT2
A12: LiPo 4S 850 mAh | B12: 14,8 V nominal | C12: 1 | D12: Sudah punya | F12: =IFERROR(C12*E12,0) | G12: Runtime 5-8 menit
A13: Step-down #1 | B13: 4S -> 12 V, >= 3 A (XL4015/LM2596) | C13: 1 | D13: Perlu dicek | F13: =IFERROR(C13*E13,0) | G13: Catu motor
A14: Step-down #2 | B14: 4S -> 5 V, >= 3 A | C14: 1 | D14: Perlu dicek | F14: =IFERROR(C14*E14,0) | G14: Servo + kedua ESP32
A15: Elko 1000uF / 25V | B15: low-ESR | C15: 1 | D15: Perlu dicek | F15: =IFERROR(C15*E15,0) | G15: Di jalur 5V servo - WAJIB
A16: Elko 470uF / 16V | B16: low-ESR | C16: 1 | D16: Perlu dicek | F16: =IFERROR(C16*E16,0) | G16: Di 5V kamera - WAJIB
... A24: Kabel jumper + heat shrink | B24: - | C24: 1 | D24: Perlu dicek | F24: =IFERROR(C24*E24,0) | G24: Perakitan
E25: TOTAL | F25: =SUM(F5:F24)

Sheet Risiko
A1: Risiko & Mitigasi
A2: Diurutkan dari yang paling mungkin menggagalkan uji coba pertama.
A4: Risiko | B4: Kemungkinan | C4: Dampak | D4: Penyebab | E4: Mitigasi | F4: Tugas Terkait
A5: Kamera reboot saat servo bergerak | B5: Tinggi | C5: Tinggi | D5: Rel 5V drop saat servo menyentak | E5: Elko 1000uF di servo + 470uF di kamera. Kalau tetap: step-down ketiga khusus ESP32 | F5: 1.10, 1.11, 3.3
A6: Motor hanya mati / kencang penuh | B6: Sedang | C6: Tinggi | D6: Jumper ENA belum dilepas | E6: Lepas jumper ENA di L298N | F6: 1.3
A7: Servo tidak bergerak sama sekali | B7: Tinggi | C7: Tinggi | D7: Sinyal masih di GPIO 34 yang input-only | E7: Pindahkan kabel sinyal ke GPIO 13 | F7: 1.5
A8: Kamera gagal init di XIAO | B8: Sedang | C8: Tinggi | D8: PSRAM masih Disabled, atau papan Sense kurang rapat | E8: Set PSRAM = OPI PSRAM; tekan papan Sense sampai bunyi klik | F8: 2.4, 2.5
A9: Mobil tidak ditemukan ground station | B9: Sedang | C9: Tinggi | D9: Subnet hotspot bukan 192.168.137.x | E9: Cek IP di Serial Monitor, sesuaikan config.h dan config.yaml | F9: 2.3
A10: Motor tidak berhenti saat sinyal putus | B10: Rendah | C10: Sangat tinggi | D10: Failsafe gagal - mobil bisa lari tak terkendali | E10: Uji 3.1 WAJIB lolos sebelum turun ke lantai | F10: 3.1
A11: Perilaku acak, servo bergetar sendiri | B11: Sedang | C11: Sedang | D11: Ground tidak menyatu di satu titik | E11: Star ground semua modul dekat terminal negatif baterai | F11: 1.8
A12: Video penuh garis / WiFi drop | B12: Sedang | C12: Sedang | D12: Noise percikan sikat motor | E12: 3 keramik 100nF di badan motor; jauhkan kabel motor dari kamera | F12: 1.12
A13: Ping melonjak acak ratusan ms | B13: Rendah | C13: Sedang | D13: WiFi power save aktif | E13: Pastikan WiFi.setSleep(false) ada di kedua firmware | F13: 3.4
A14: Tegangan HUD tidak cocok multimeter | B14: Tinggi | C14: Rendah | D14: Toleransi resistor 5% - bisa meleset 0,8 V di 4S | E14: Kalibrasi VBAT_DIVIDER_RATIO | F14: 2.7
A15: Runtime terlalu pendek | B15: Tinggi | C15: Sedang | D15: 4S 850 mAh memang kecil | E15: Batas kapasitas, bukan software. Perlu paket lebih besar | F15: 4.6, 7.10
... A18: Enumerasi USB beda di LattePanda | B18: Sedang | C18: Rendah | D18: Indeks joystick berubah antar mesin | E18: Jalankan calibrate.py ulang di LattePanda | F18: 5.4
